{"Mean":{"confidence_interval":{"confidence_level":0.95,"lower_bound":-0.13744497592287636,"upper_bound":-0.037785523983648206},"point_estimate":-0.08698730602884885,"standard_error":0.025577238940103924},"Median":{"confidence_interval":{"confidence_level":0.95,"lower_bound":-0.05805546892343183,"upper_bound":-0.007302285108327755},"point_estimate":-0.025742920163817518,"standard_error":0.011942843455977917}}