{"Mean":{"confidence_interval":{"confidence_level":0.95,"lower_bound":2.83438282753115,"upper_bound":4.725293923031894},"point_estimate":3.616486375412574,"standard_error":0.482173015406089},"Median":{"confidence_interval":{"confidence_level":0.95,"lower_bound":2.5183845393699404,"upper_bound":5.176786181664186},"point_estimate":2.9117245719285414,"standard_error":0.6524483041343208}}