{"Mean":{"confidence_interval":{"confidence_level":0.95,"lower_bound":1047460.6117376453,"upper_bound":1121711.5768823137},"point_estimate":1083352.7103137048,"standard_error":18905.25626420803},"Median":{"confidence_interval":{"confidence_level":0.95,"lower_bound":1029353.5212765958,"upper_bound":1077521.6034618411},"point_estimate":1053976.6225,"standard_error":13333.159275054704},"MedianAbsDev":{"confidence_interval":{"confidence_level":0.95,"lower_bound":80447.89724526081,"upper_bound":173132.0255681525},"point_estimate":126054.89752874497,"standard_error":23406.442506917792},"Slope":{"confidence_interval":{"confidence_level":0.95,"lower_bound":1029447.2425233254,"upper_bound":1066448.5511428418},"point_estimate":1047150.0063573223,"standard_error":9404.12690335187},"StdDev":{"confidence_interval":{"confidence_level":0.95,"lower_bound":150149.61409813297,"upper_bound":223825.32442424088},"point_estimate":189581.44192737734,"standard_error":18794.019465859015}}