{"Mean":{"confidence_interval":{"confidence_level":0.95,"lower_bound":-0.19774528096570115,"upper_bound":-0.13311489631706686},"point_estimate":-0.16505680965328484,"standard_error":0.01646832621407162},"Median":{"confidence_interval":{"confidence_level":0.95,"lower_bound":-0.1211949714642011,"upper_bound":-0.08575614643062646},"point_estimate":-0.10500650195698924,"standard_error":0.009158725578703399}}