{"Mean":{"confidence_interval":{"confidence_level":0.95,"lower_bound":-0.16998951760323322,"upper_bound":-0.0989938035008113},"point_estimate":-0.13256159064842832,"standard_error":0.018290061148560438},"Median":{"confidence_interval":{"confidence_level":0.95,"lower_bound":-0.09187819396125743,"upper_bound":-0.06600450587108464},"point_estimate":-0.07724234488999315,"standard_error":0.006465005798333905}}