{"Mean":{"confidence_interval":{"confidence_level":0.95,"lower_bound":-0.10892491178384828,"upper_bound":-0.05641147883240328},"point_estimate":-0.08271554556697758,"standard_error":0.01324134644359223},"Median":{"confidence_interval":{"confidence_level":0.95,"lower_bound":-0.08956407994223348,"upper_bound":-0.061792397039153554},"point_estimate":-0.07633887760000524,"standard_error":0.007219715885293552}}