{"Mean":{"confidence_interval":{"confidence_level":0.95,"lower_bound":45870884.74645557,"upper_bound":49067203.573197894},"point_estimate":47357658.893991984,"standard_error":817494.1582013619},"Median":{"confidence_interval":{"confidence_level":0.95,"lower_bound":44059771.0,"upper_bound":46401995.09375},"point_estimate":45500517.227633476,"standard_error":583802.6258927829},"MedianAbsDev":{"confidence_interval":{"confidence_level":0.95,"lower_bound":2994223.6331605376,"upper_bound":5064932.278741292},"point_estimate":4243639.203301153,"standard_error":545479.3437952315},"Slope":{"confidence_interval":{"confidence_level":0.95,"lower_bound":47530227.98236509,"upper_bound":53808647.18755475},"point_estimate":50548990.56385104,"standard_error":1610979.8556691145},"StdDev":{"confidence_interval":{"confidence_level":0.95,"lower_bound":5319929.872722072,"upper_bound":10585305.90429859},"point_estimate":8197290.040341768,"standard_error":1350322.247917554}}