{"Mean":{"confidence_interval":{"confidence_level":0.95,"lower_bound":6159680.175559586,"upper_bound":6439706.889504338},"point_estimate":6290512.46721741,"standard_error":71707.37420635414},"Median":{"confidence_interval":{"confidence_level":0.95,"lower_bound":6015527.588235294,"upper_bound":6119439.861904762},"point_estimate":6039534.072568389,"standard_error":28520.61688792359},"MedianAbsDev":{"confidence_interval":{"confidence_level":0.95,"lower_bound":173395.5999221514,"upper_bound":356005.79198431445},"point_estimate":267240.96344003297,"standard_error":50322.32303196695},"Slope":{"confidence_interval":{"confidence_level":0.95,"lower_bound":6299919.270196232,"upper_bound":6799870.853693042},"point_estimate":6538236.599535983,"standard_error":128123.82151612197},"StdDev":{"confidence_interval":{"confidence_level":0.95,"lower_bound":488125.04498756875,"upper_bound":913266.198668533},"point_estimate":720306.4322026732,"standard_error":108869.814294673}}