{"Mean":{"confidence_interval":{"confidence_level":0.95,"lower_bound":64191831.02596577,"upper_bound":67084379.75991512},"point_estimate":65577904.87997213,"standard_error":739828.0802926439},"Median":{"confidence_interval":{"confidence_level":0.95,"lower_bound":62123117.2,"upper_bound":65282347.625},"point_estimate":64264441.921428576,"standard_error":727361.9705232686},"MedianAbsDev":{"confidence_interval":{"confidence_level":0.95,"lower_bound":4006026.730893029,"upper_bound":7278961.233223252},"point_estimate":5116100.45027185,"standard_error":827760.6327626476},"Slope":{"confidence_interval":{"confidence_level":0.95,"lower_bound":65042988.439214215,"upper_bound":68576952.38972698},"point_estimate":66763476.43769174,"standard_error":903881.170637529},"StdDev":{"confidence_interval":{"confidence_level":0.95,"lower_bound":5611092.456973285,"upper_bound":9091415.95455791},"point_estimate":7444959.356212466,"standard_error":887473.6937713241}}