{"Mean":{"confidence_interval":{"confidence_level":0.95,"lower_bound":15542482146.359009,"upper_bound":20018854572.483814},"point_estimate":17500990221.61901,"standard_error":1156110772.587265},"Median":{"confidence_interval":{"confidence_level":0.95,"lower_bound":15045799090.87143,"upper_bound":19568495060.625},"point_estimate":16137671134.633333,"standard_error":1057200641.4907572},"MedianAbsDev":{"confidence_interval":{"confidence_level":0.95,"lower_bound":267837106.70130765,"upper_bound":4596538580.351763},"point_estimate":1708648862.2262857,"standard_error":1153358779.758279},"Slope":{"confidence_interval":{"confidence_level":0.95,"lower_bound":15012340577.856876,"upper_bound":16616747542.336842},"point_estimate":15511465903.690908,"standard_error":418429033.9970562},"StdDev":{"confidence_interval":{"confidence_level":0.95,"lower_bound":907994093.8642689,"upper_bound":5267533161.745825},"point_estimate":3851233211.992881,"standard_error":1186674566.1647325}}