{"Mean":{"confidence_interval":{"confidence_level":0.95,"lower_bound":-0.4718429225818048,"upper_bound":-0.4105574175542989},"point_estimate":-0.4410879569109383,"standard_error":0.015660037786192207},"Median":{"confidence_interval":{"confidence_level":0.95,"lower_bound":-0.45280611843732715,"upper_bound":-0.41511373571800536},"point_estimate":-0.4339835565670903,"standard_error":0.00978716133484692}}