{"Mean":{"confidence_interval":{"confidence_level":0.95,"lower_bound":1.5536860606933864,"upper_bound":1.5793536084570412},"point_estimate":1.5655656529275086,"standard_error":0.006571354567447531},"Median":{"confidence_interval":{"confidence_level":0.95,"lower_bound":1.5396949677576417,"upper_bound":1.5647590258829038},"point_estimate":1.5541112230914094,"standard_error":0.0057965487202068615},"MedianAbsDev":{"confidence_interval":{"confidence_level":0.95,"lower_bound":0.034266792556424445,"upper_bound":0.05589254293802551},"point_estimate":0.04681246504811032,"standard_error":0.005277684883076191},"Slope":{"confidence_interval":{"confidence_level":0.95,"lower_bound":1.5455919726481948,"upper_bound":1.5642886898621753},"point_estimate":1.554598398456141,"standard_error":0.004776062364504447},"StdDev":{"confidence_interval":{"confidence_level":0.95,"lower_bound":0.04305259843720303,"upper_bound":0.08935680057570623},"point_estimate":0.06583388604103241,"standard_error":0.012309767017657515}}