{"Mean":{"confidence_interval":{"confidence_level":0.95,"lower_bound":608173.7537415825,"upper_bound":619717.4816961027},"point_estimate":613756.5475729497,"standard_error":2943.529915910888},"Median":{"confidence_interval":{"confidence_level":0.95,"lower_bound":597585.606557377,"upper_bound":612499.1153846154},"point_estimate":606262.3089098532,"standard_error":3255.233736837907},"MedianAbsDev":{"confidence_interval":{"confidence_level":0.95,"lower_bound":17774.814766657633,"upper_bound":33228.08581327502},"point_estimate":28298.42193257822,"standard_error":3871.827767827329},"Slope":{"confidence_interval":{"confidence_level":0.95,"lower_bound":591770.6610972243,"upper_bound":596518.1321081676},"point_estimate":593887.3732761933,"standard_error":1208.4642047497784},"StdDev":{"confidence_interval":{"confidence_level":0.95,"lower_bound":23358.80739057855,"upper_bound":35776.50358835203},"point_estimate":29531.635477266354,"standard_error":3213.214259537447}}